Province,Country,Lat,Long,Date,Confirmed,Deaths,Key,ConfirmedNew,DeathsNew,ConfirmedNewMean,DeathsNewMean
,Croatia,45.1,15.2,2020-01-22,0.0,0.0,Croatia / ,,,,
,Croatia,45.1,15.2,2020-01-23,0.0,0.0,Croatia / ,0.0,0.0,,
,Croatia,45.1,15.2,2020-01-24,0.0,0.0,Croatia / ,0.0,0.0,,
,Croatia,45.1,15.2,2020-01-25,0.0,0.0,Croatia / ,0.0,0.0,,
,Croatia,45.1,15.2,2020-01-26,0.0,0.0,Croatia / ,0.0,0.0,,
,Croatia,45.1,15.2,2020-01-27,0.0,0.0,Croatia / ,0.0,0.0,,
,Croatia,45.1,15.2,2020-01-28,0.0,0.0,Croatia / ,0.0,0.0,,
,Croatia,45.1,15.2,2020-01-29,0.0,0.0,Croatia / ,0.0,0.0,0.0,0.0
,Croatia,45.1,15.2,2020-01-30,0.0,0.0,Croatia / ,0.0,0.0,0.0,0.0
,Croatia,45.1,15.2,2020-01-31,0.0,0.0,Croatia / ,0.0,0.0,0.0,0.0
,Croatia,45.1,15.2,2020-02-01,0.0,0.0,Croatia / ,0.0,0.0,0.0,0.0
,Croatia,45.1,15.2,2020-02-02,0.0,0.0,Croatia / ,0.0,0.0,0.0,0.0
,Croatia,45.1,15.2,2020-02-03,0.0,0.0,Croatia / ,0.0,0.0,0.0,0.0
,Croatia,45.1,15.2,2020-02-04,0.0,0.0,Croatia / ,0.0,0.0,0.0,0.0
,Croatia,45.1,15.2,2020-02-05,0.0,0.0,Croatia / ,0.0,0.0,0.0,0.0
,Croatia,45.1,15.2,2020-02-06,0.0,0.0,Croatia / ,0.0,0.0,0.0,0.0
,Croatia,45.1,15.2,2020-02-07,0.0,0.0,Croatia / ,0.0,0.0,0.0,0.0
,Croatia,45.1,15.2,2020-02-08,0.0,0.0,Croatia / ,0.0,0.0,0.0,0.0
,Croatia,45.1,15.2,2020-02-09,0.0,0.0,Croatia / ,0.0,0.0,0.0,0.0
,Croatia,45.1,15.2,2020-02-10,0.0,0.0,Croatia / ,0.0,0.0,0.0,0.0
,Croatia,45.1,15.2,2020-02-11,0.0,0.0,Croatia / ,0.0,0.0,0.0,0.0
,Croatia,45.1,15.2,2020-02-12,0.0,0.0,Croatia / ,0.0,0.0,0.0,0.0
,Croatia,45.1,15.2,2020-02-13,0.0,0.0,Croatia / ,0.0,0.0,0.0,0.0
,Croatia,45.1,15.2,2020-02-14,0.0,0.0,Croatia / ,0.0,0.0,0.0,0.0
,Croatia,45.1,15.2,2020-02-15,0.0,0.0,Croatia / ,0.0,0.0,0.0,0.0
,Croatia,45.1,15.2,2020-02-16,0.0,0.0,Croatia / ,0.0,0.0,0.0,0.0
,Croatia,45.1,15.2,2020-02-17,0.0,0.0,Croatia / ,0.0,0.0,0.0,0.0
,Croatia,45.1,15.2,2020-02-18,0.0,0.0,Croatia / ,0.0,0.0,0.0,0.0
,Croatia,45.1,15.2,2020-02-19,0.0,0.0,Croatia / ,0.0,0.0,0.0,0.0
,Croatia,45.1,15.2,2020-02-20,0.0,0.0,Croatia / ,0.0,0.0,0.0,0.0
,Croatia,45.1,15.2,2020-02-21,0.0,0.0,Croatia / ,0.0,0.0,0.0,0.0
,Croatia,45.1,15.2,2020-02-22,0.0,0.0,Croatia / ,0.0,0.0,0.0,0.0
,Croatia,45.1,15.2,2020-02-23,0.0,0.0,Croatia / ,0.0,0.0,0.0,0.0
,Croatia,45.1,15.2,2020-02-24,0.0,0.0,Croatia / ,0.0,0.0,0.0,0.0
,Croatia,45.1,15.2,2020-02-25,1.0,0.0,Croatia / ,1.0,0.0,0.14285714285714285,0.0
,Croatia,45.1,15.2,2020-02-26,3.0,0.0,Croatia / ,2.0,0.0,0.42857142857142855,0.0
,Croatia,45.1,15.2,2020-02-27,3.0,0.0,Croatia / ,0.0,0.0,0.42857142857142855,0.0
,Croatia,45.1,15.2,2020-02-28,5.0,0.0,Croatia / ,2.0,0.0,0.7142857142857143,0.0
,Croatia,45.1,15.2,2020-02-29,6.0,0.0,Croatia / ,1.0,0.0,0.8571428571428571,0.0
,Croatia,45.1,15.2,2020-03-01,7.0,0.0,Croatia / ,1.0,0.0,1.0,0.0
,Croatia,45.1,15.2,2020-03-02,7.0,0.0,Croatia / ,0.0,0.0,1.0,0.0
,Croatia,45.1,15.2,2020-03-03,9.0,0.0,Croatia / ,2.0,0.0,1.1428571428571428,0.0
,Croatia,45.1,15.2,2020-03-04,10.0,0.0,Croatia / ,1.0,0.0,1.0,0.0
,Croatia,45.1,15.2,2020-03-05,10.0,0.0,Croatia / ,0.0,0.0,1.0,0.0
,Croatia,45.1,15.2,2020-03-06,11.0,0.0,Croatia / ,1.0,0.0,0.8571428571428571,0.0
,Croatia,45.1,15.2,2020-03-07,12.0,0.0,Croatia / ,1.0,0.0,0.8571428571428571,0.0
,Croatia,45.1,15.2,2020-03-08,12.0,0.0,Croatia / ,0.0,0.0,0.7142857142857143,0.0
,Croatia,45.1,15.2,2020-03-09,12.0,0.0,Croatia / ,0.0,0.0,0.7142857142857143,0.0
,Croatia,45.1,15.2,2020-03-10,14.0,0.0,Croatia / ,2.0,0.0,0.7142857142857143,0.0
,Croatia,45.1,15.2,2020-03-11,19.0,0.0,Croatia / ,5.0,0.0,1.2857142857142858,0.0
,Croatia,45.1,15.2,2020-03-12,19.0,0.0,Croatia / ,0.0,0.0,1.2857142857142858,0.0
,Croatia,45.1,15.2,2020-03-13,32.0,0.0,Croatia / ,13.0,0.0,3.0,0.0
,Croatia,45.1,15.2,2020-03-14,38.0,0.0,Croatia / ,6.0,0.0,3.7142857142857144,0.0
,Croatia,45.1,15.2,2020-03-15,49.0,0.0,Croatia / ,11.0,0.0,5.285714285714286,0.0
,Croatia,45.1,15.2,2020-03-16,57.0,0.0,Croatia / ,8.0,0.0,6.428571428571429,0.0
,Croatia,45.1,15.2,2020-03-17,65.0,0.0,Croatia / ,8.0,0.0,7.285714285714286,0.0
,Croatia,45.1,15.2,2020-03-18,81.0,0.0,Croatia / ,16.0,0.0,8.857142857142858,0.0
,Croatia,45.1,15.2,2020-03-19,105.0,1.0,Croatia / ,24.0,1.0,12.285714285714286,0.14285714285714285
,Croatia,45.1,15.2,2020-03-20,128.0,1.0,Croatia / ,23.0,0.0,13.714285714285714,0.14285714285714285
,Croatia,45.1,15.2,2020-03-21,206.0,1.0,Croatia / ,78.0,0.0,24.0,0.14285714285714285
,Croatia,45.1,15.2,2020-03-22,254.0,1.0,Croatia / ,48.0,0.0,29.285714285714285,0.14285714285714285
,Croatia,45.1,15.2,2020-03-23,315.0,1.0,Croatia / ,61.0,0.0,36.857142857142854,0.14285714285714285
,Croatia,45.1,15.2,2020-03-24,382.0,1.0,Croatia / ,67.0,0.0,45.285714285714285,0.14285714285714285
,Croatia,45.1,15.2,2020-03-25,442.0,1.0,Croatia / ,60.0,0.0,51.57142857142857,0.14285714285714285
,Croatia,45.1,15.2,2020-03-26,495.0,3.0,Croatia / ,53.0,2.0,55.714285714285715,0.2857142857142857
,Croatia,45.1,15.2,2020-03-27,586.0,3.0,Croatia / ,91.0,0.0,65.42857142857143,0.2857142857142857
,Croatia,45.1,15.2,2020-03-28,657.0,5.0,Croatia / ,71.0,2.0,64.42857142857143,0.5714285714285714
,Croatia,45.1,15.2,2020-03-29,713.0,6.0,Croatia / ,56.0,1.0,65.57142857142857,0.7142857142857143
,Croatia,45.1,15.2,2020-03-30,790.0,6.0,Croatia / ,77.0,0.0,67.85714285714286,0.7142857142857143
,Croatia,45.1,15.2,2020-03-31,867.0,6.0,Croatia / ,77.0,0.0,69.28571428571429,0.7142857142857143
,Croatia,45.1,15.2,2020-04-01,963.0,6.0,Croatia / ,96.0,0.0,74.42857142857143,0.7142857142857143
,Croatia,45.1,15.2,2020-04-02,1011.0,7.0,Croatia / ,48.0,1.0,73.71428571428571,0.5714285714285714
,Croatia,45.1,15.2,2020-04-03,1079.0,8.0,Croatia / ,68.0,1.0,70.42857142857143,0.7142857142857143
,Croatia,45.1,15.2,2020-04-04,1126.0,12.0,Croatia / ,47.0,4.0,67.0,1.0
,Croatia,45.1,15.2,2020-04-05,1182.0,15.0,Croatia / ,56.0,3.0,67.0,1.2857142857142858
,Croatia,45.1,15.2,2020-04-06,1222.0,16.0,Croatia / ,40.0,1.0,61.714285714285715,1.4285714285714286
,Croatia,45.1,15.2,2020-04-07,1282.0,18.0,Croatia / ,60.0,2.0,59.285714285714285,1.7142857142857142
,Croatia,45.1,15.2,2020-04-08,1343.0,19.0,Croatia / ,61.0,1.0,54.285714285714285,1.8571428571428572
,Croatia,45.1,15.2,2020-04-09,1407.0,20.0,Croatia / ,64.0,1.0,56.57142857142857,1.8571428571428572
,Croatia,45.1,15.2,2020-04-10,1495.0,21.0,Croatia / ,88.0,1.0,59.42857142857143,1.8571428571428572
,Croatia,45.1,15.2,2020-04-11,1534.0,21.0,Croatia / ,39.0,0.0,58.285714285714285,1.2857142857142858
,Croatia,45.1,15.2,2020-04-12,1600.0,23.0,Croatia / ,66.0,2.0,59.714285714285715,1.1428571428571428
,Croatia,45.1,15.2,2020-04-13,1650.0,25.0,Croatia / ,50.0,2.0,61.142857142857146,1.2857142857142858
,Croatia,45.1,15.2,2020-04-14,1704.0,31.0,Croatia / ,54.0,6.0,60.285714285714285,1.8571428571428572
,Croatia,45.1,15.2,2020-04-15,1741.0,33.0,Croatia / ,37.0,2.0,56.857142857142854,2.0
,Croatia,45.1,15.2,2020-04-16,1791.0,35.0,Croatia / ,50.0,2.0,54.857142857142854,2.142857142857143
,Croatia,45.1,15.2,2020-04-17,1814.0,36.0,Croatia / ,23.0,1.0,45.57142857142857,2.142857142857143
,Croatia,45.1,15.2,2020-04-18,1832.0,39.0,Croatia / ,18.0,3.0,42.57142857142857,2.5714285714285716
,Croatia,45.1,15.2,2020-04-19,1871.0,47.0,Croatia / ,39.0,8.0,38.714285714285715,3.4285714285714284
,Croatia,45.1,15.2,2020-04-20,1881.0,47.0,Croatia / ,10.0,0.0,33.0,3.142857142857143
,Croatia,45.1,15.2,2020-04-21,1908.0,48.0,Croatia / ,27.0,1.0,29.142857142857142,2.4285714285714284
,Croatia,45.1,15.2,2020-04-22,1950.0,48.0,Croatia / ,42.0,0.0,29.857142857142858,2.142857142857143
,Croatia,45.1,15.2,2020-04-23,1981.0,50.0,Croatia / ,31.0,2.0,27.142857142857142,2.142857142857143
,Croatia,45.1,15.2,2020-04-24,2009.0,51.0,Croatia / ,28.0,1.0,27.857142857142858,2.142857142857143
,Croatia,45.1,15.2,2020-04-25,2016.0,54.0,Croatia / ,7.0,3.0,26.285714285714285,2.142857142857143
,Croatia,45.1,15.2,2020-04-26,2030.0,55.0,Croatia / ,14.0,1.0,22.714285714285715,1.1428571428571428
,Croatia,45.1,15.2,2020-04-27,2039.0,59.0,Croatia / ,9.0,4.0,22.571428571428573,1.7142857142857142
,Croatia,45.1,15.2,2020-04-28,2047.0,63.0,Croatia / ,8.0,4.0,19.857142857142858,2.142857142857143
,Croatia,45.1,15.2,2020-04-29,2062.0,67.0,Croatia / ,15.0,4.0,16.0,2.7142857142857144
,Croatia,45.1,15.2,2020-04-30,2076.0,69.0,Croatia / ,14.0,2.0,13.571428571428571,2.7142857142857144
,Croatia,45.1,15.2,2020-05-01,2085.0,75.0,Croatia / ,9.0,6.0,10.857142857142858,3.4285714285714284
,Croatia,45.1,15.2,2020-05-02,2088.0,77.0,Croatia / ,3.0,2.0,10.285714285714286,3.2857142857142856
,Croatia,45.1,15.2,2020-05-03,2096.0,79.0,Croatia / ,8.0,2.0,9.428571428571429,3.4285714285714284
,Croatia,45.1,15.2,2020-05-04,2101.0,80.0,Croatia / ,5.0,1.0,8.857142857142858,3.0
,Croatia,45.1,15.2,2020-05-05,2112.0,83.0,Croatia / ,11.0,3.0,9.285714285714286,2.857142857142857
,Croatia,45.1,15.2,2020-05-06,2119.0,85.0,Croatia / ,7.0,2.0,8.142857142857142,2.5714285714285716
,Croatia,45.1,15.2,2020-05-07,2125.0,86.0,Croatia / ,6.0,1.0,7.0,2.4285714285714284
,Croatia,45.1,15.2,2020-05-08,2161.0,86.0,Croatia / ,36.0,0.0,10.857142857142858,1.5714285714285714
,Croatia,45.1,15.2,2020-05-09,2176.0,87.0,Croatia / ,15.0,1.0,12.571428571428571,1.4285714285714286
,Croatia,45.1,15.2,2020-05-10,2187.0,90.0,Croatia / ,11.0,3.0,13.0,1.5714285714285714
,Croatia,45.1,15.2,2020-05-11,2196.0,91.0,Croatia / ,9.0,1.0,13.571428571428571,1.5714285714285714
,Croatia,45.1,15.2,2020-05-12,2207.0,91.0,Croatia / ,11.0,0.0,13.571428571428571,1.1428571428571428
,Croatia,45.1,15.2,2020-05-13,2213.0,94.0,Croatia / ,6.0,3.0,13.428571428571429,1.2857142857142858
,Croatia,45.1,15.2,2020-05-14,2221.0,94.0,Croatia / ,8.0,0.0,13.714285714285714,1.1428571428571428
,Croatia,45.1,15.2,2020-05-15,2222.0,95.0,Croatia / ,1.0,1.0,8.714285714285714,1.2857142857142858
,Croatia,45.1,15.2,2020-05-16,2224.0,95.0,Croatia / ,2.0,0.0,6.857142857142857,1.1428571428571428
,Croatia,45.1,15.2,2020-05-17,2226.0,95.0,Croatia / ,2.0,0.0,5.571428571428571,0.7142857142857143
,Croatia,45.1,15.2,2020-05-18,2228.0,95.0,Croatia / ,2.0,0.0,4.571428571428571,0.5714285714285714
,Croatia,45.1,15.2,2020-05-19,2232.0,96.0,Croatia / ,4.0,1.0,3.5714285714285716,0.7142857142857143
,Croatia,45.1,15.2,2020-05-20,2234.0,96.0,Croatia / ,2.0,0.0,3.0,0.2857142857142857
,Croatia,45.1,15.2,2020-05-21,2237.0,97.0,Croatia / ,3.0,1.0,2.2857142857142856,0.42857142857142855
,Croatia,45.1,15.2,2020-05-22,2243.0,99.0,Croatia / ,6.0,2.0,3.0,0.5714285714285714
,Croatia,45.1,15.2,2020-05-23,2243.0,99.0,Croatia / ,0.0,0.0,2.7142857142857144,0.5714285714285714
,Croatia,45.1,15.2,2020-05-24,2244.0,99.0,Croatia / ,1.0,0.0,2.5714285714285716,0.5714285714285714
,Croatia,45.1,15.2,2020-05-25,2244.0,100.0,Croatia / ,0.0,1.0,2.2857142857142856,0.7142857142857143
,Croatia,45.1,15.2,2020-05-26,2244.0,101.0,Croatia / ,0.0,1.0,1.7142857142857142,0.7142857142857143
,Croatia,45.1,15.2,2020-05-27,2244.0,101.0,Croatia / ,0.0,0.0,1.4285714285714286,0.7142857142857143
,Croatia,45.1,15.2,2020-05-28,2245.0,102.0,Croatia / ,1.0,1.0,1.1428571428571428,0.7142857142857143
,Croatia,45.1,15.2,2020-05-29,2245.0,103.0,Croatia / ,0.0,1.0,0.2857142857142857,0.5714285714285714
,Croatia,45.1,15.2,2020-05-30,2246.0,103.0,Croatia / ,1.0,0.0,0.42857142857142855,0.5714285714285714
,Croatia,45.1,15.2,2020-05-31,2246.0,103.0,Croatia / ,0.0,0.0,0.2857142857142857,0.5714285714285714
,Croatia,45.1,15.2,2020-06-01,2246.0,103.0,Croatia / ,0.0,0.0,0.2857142857142857,0.42857142857142855
,Croatia,45.1,15.2,2020-06-02,2246.0,103.0,Croatia / ,0.0,0.0,0.2857142857142857,0.2857142857142857
,Croatia,45.1,15.2,2020-06-03,2246.0,103.0,Croatia / ,0.0,0.0,0.2857142857142857,0.2857142857142857
,Croatia,45.1,15.2,2020-06-04,2247.0,103.0,Croatia / ,1.0,0.0,0.2857142857142857,0.14285714285714285
,Croatia,45.1,15.2,2020-06-05,2247.0,103.0,Croatia / ,0.0,0.0,0.2857142857142857,0.0
,Croatia,45.1,15.2,2020-06-06,2247.0,104.0,Croatia / ,0.0,1.0,0.14285714285714285,0.14285714285714285
,Croatia,45.1,15.2,2020-06-07,2247.0,104.0,Croatia / ,0.0,0.0,0.14285714285714285,0.14285714285714285
,Croatia,45.1,15.2,2020-06-08,2247.0,104.0,Croatia / ,0.0,0.0,0.14285714285714285,0.14285714285714285
,Croatia,45.1,15.2,2020-06-09,2247.0,106.0,Croatia / ,0.0,2.0,0.14285714285714285,0.42857142857142855
,Croatia,45.1,15.2,2020-06-10,2249.0,106.0,Croatia / ,2.0,0.0,0.42857142857142855,0.42857142857142855
,Croatia,45.1,15.2,2020-06-11,2249.0,106.0,Croatia / ,0.0,0.0,0.2857142857142857,0.42857142857142855
,Croatia,45.1,15.2,2020-06-12,2249.0,107.0,Croatia / ,0.0,1.0,0.2857142857142857,0.5714285714285714
,Croatia,45.1,15.2,2020-06-13,2251.0,107.0,Croatia / ,2.0,0.0,0.5714285714285714,0.42857142857142855
,Croatia,45.1,15.2,2020-06-14,2252.0,107.0,Croatia / ,1.0,0.0,0.7142857142857143,0.42857142857142855
,Croatia,45.1,15.2,2020-06-15,2254.0,107.0,Croatia / ,2.0,0.0,1.0,0.42857142857142855
,Croatia,45.1,15.2,2020-06-16,2255.0,107.0,Croatia / ,1.0,0.0,1.1428571428571428,0.14285714285714285
,Croatia,45.1,15.2,2020-06-17,2258.0,107.0,Croatia / ,3.0,0.0,1.2857142857142858,0.14285714285714285
,Croatia,45.1,15.2,2020-06-18,2269.0,107.0,Croatia / ,11.0,0.0,2.857142857142857,0.14285714285714285
,Croatia,45.1,15.2,2020-06-19,2280.0,107.0,Croatia / ,11.0,0.0,4.428571428571429,0.0
,Croatia,45.1,15.2,2020-06-20,2299.0,107.0,Croatia / ,19.0,0.0,6.857142857142857,0.0
,Croatia,45.1,15.2,2020-06-21,2317.0,107.0,Croatia / ,18.0,0.0,9.285714285714286,0.0
,Croatia,45.1,15.2,2020-06-22,2336.0,107.0,Croatia / ,19.0,0.0,11.714285714285714,0.0
,Croatia,45.1,15.2,2020-06-23,2366.0,107.0,Croatia / ,30.0,0.0,15.857142857142858,0.0
,Croatia,45.1,15.2,2020-06-24,2388.0,107.0,Croatia / ,22.0,0.0,18.571428571428573,0.0
,Croatia,45.1,15.2,2020-06-25,2483.0,107.0,Croatia / ,95.0,0.0,30.571428571428573,0.0
,Croatia,45.1,15.2,2020-06-26,2539.0,107.0,Croatia / ,56.0,0.0,37.0,0.0
,Croatia,45.1,15.2,2020-06-27,2624.0,107.0,Croatia / ,85.0,0.0,46.42857142857143,0.0
,Croatia,45.1,15.2,2020-06-28,2691.0,107.0,Croatia / ,67.0,0.0,53.42857142857143,0.0
,Croatia,45.1,15.2,2020-06-29,2725.0,107.0,Croatia / ,34.0,0.0,55.57142857142857,0.0
,Croatia,45.1,15.2,2020-06-30,2777.0,107.0,Croatia / ,52.0,0.0,58.714285714285715,0.0
,Croatia,45.1,15.2,2020-07-01,2831.0,108.0,Croatia / ,54.0,1.0,63.285714285714285,0.14285714285714285
,Croatia,45.1,15.2,2020-07-02,2912.0,110.0,Croatia / ,81.0,2.0,61.285714285714285,0.42857142857142855
,Croatia,45.1,15.2,2020-07-03,3008.0,112.0,Croatia / ,96.0,2.0,67.0,0.7142857142857143
,Croatia,45.1,15.2,2020-07-04,3094.0,113.0,Croatia / ,86.0,1.0,67.14285714285714,0.8571428571428571
,Croatia,45.1,15.2,2020-07-05,3151.0,113.0,Croatia / ,57.0,0.0,65.71428571428571,0.8571428571428571
,Croatia,45.1,15.2,2020-07-06,3220.0,113.0,Croatia / ,69.0,0.0,70.71428571428571,0.8571428571428571
,Croatia,45.1,15.2,2020-07-07,3272.0,113.0,Croatia / ,52.0,0.0,70.71428571428571,0.8571428571428571
,Croatia,45.1,15.2,2020-07-08,3325.0,114.0,Croatia / ,53.0,1.0,70.57142857142857,0.8571428571428571
,Croatia,45.1,15.2,2020-07-09,3416.0,115.0,Croatia / ,91.0,1.0,72.0,0.7142857142857143
,Croatia,45.1,15.2,2020-07-10,3532.0,117.0,Croatia / ,116.0,2.0,74.85714285714286,0.7142857142857143
,Croatia,45.1,15.2,2020-07-11,3672.0,118.0,Croatia / ,140.0,1.0,82.57142857142857,0.7142857142857143
,Croatia,45.1,15.2,2020-07-12,3722.0,119.0,Croatia / ,50.0,1.0,81.57142857142857,0.8571428571428571
,Croatia,45.1,15.2,2020-07-13,3775.0,119.0,Croatia / ,53.0,0.0,79.28571428571429,0.8571428571428571
,Croatia,45.1,15.2,2020-07-14,3827.0,120.0,Croatia / ,52.0,1.0,79.28571428571429,1.0
,Croatia,45.1,15.2,2020-07-15,3953.0,120.0,Croatia / ,126.0,0.0,89.71428571428571,0.8571428571428571
,Croatia,45.1,15.2,2020-07-16,4039.0,120.0,Croatia / ,86.0,0.0,89.0,0.7142857142857143
,Croatia,45.1,15.2,2020-07-17,4137.0,120.0,Croatia / ,98.0,0.0,86.42857142857143,0.42857142857142855
,Croatia,45.1,15.2,2020-07-18,4253.0,120.0,Croatia / ,116.0,0.0,83.0,0.2857142857142857
,Croatia,45.1,15.2,2020-07-19,4345.0,120.0,Croatia / ,92.0,0.0,89.0,0.14285714285714285
,Croatia,45.1,15.2,2020-07-20,4370.0,122.0,Croatia / ,25.0,2.0,85.0,0.42857142857142855
,Croatia,45.1,15.2,2020-07-21,4422.0,123.0,Croatia / ,52.0,1.0,85.0,0.42857142857142855
,Croatia,45.1,15.2,2020-07-22,4530.0,125.0,Croatia / ,108.0,2.0,82.42857142857143,0.7142857142857143
,Croatia,45.1,15.2,2020-07-23,4634.0,128.0,Croatia / ,104.0,3.0,85.0,1.1428571428571428
,Croatia,45.1,15.2,2020-07-24,4715.0,128.0,Croatia / ,81.0,0.0,82.57142857142857,1.1428571428571428
,Croatia,45.1,15.2,2020-07-25,4792.0,133.0,Croatia / ,77.0,5.0,77.0,1.8571428571428572
,Croatia,45.1,15.2,2020-07-26,4857.0,136.0,Croatia / ,65.0,3.0,73.14285714285714,2.2857142857142856
,Croatia,45.1,15.2,2020-07-27,4881.0,139.0,Croatia / ,24.0,3.0,73.0,2.4285714285714284
,Croatia,45.1,15.2,2020-07-28,4923.0,140.0,Croatia / ,42.0,1.0,71.57142857142857,2.4285714285714284
,Croatia,45.1,15.2,2020-07-29,4993.0,141.0,Croatia / ,70.0,1.0,66.14285714285714,2.2857142857142856
,Croatia,45.1,15.2,2020-07-30,5071.0,144.0,Croatia / ,78.0,3.0,62.42857142857143,2.2857142857142856
,Croatia,45.1,15.2,2020-07-31,5139.0,145.0,Croatia / ,68.0,1.0,60.57142857142857,2.4285714285714284
,Croatia,45.1,15.2,2020-08-01,5224.0,145.0,Croatia / ,85.0,0.0,61.714285714285715,1.7142857142857142
,Croatia,45.1,15.2,2020-08-02,5260.0,149.0,Croatia / ,36.0,4.0,57.57142857142857,1.8571428571428572
,Croatia,45.1,15.2,2020-08-03,5294.0,153.0,Croatia / ,34.0,4.0,59.0,2.0
,Croatia,45.1,15.2,2020-08-04,5318.0,154.0,Croatia / ,24.0,1.0,56.42857142857143,2.0
,Croatia,45.1,15.2,2020-08-05,5376.0,154.0,Croatia / ,58.0,0.0,54.714285714285715,1.8571428571428572
,Croatia,45.1,15.2,2020-08-06,5404.0,155.0,Croatia / ,28.0,1.0,47.57142857142857,1.5714285714285714
,Croatia,45.1,15.2,2020-08-07,5466.0,155.0,Croatia / ,62.0,0.0,46.714285714285715,1.4285714285714286
,Croatia,45.1,15.2,2020-08-08,5543.0,157.0,Croatia / ,77.0,2.0,45.57142857142857,1.7142857142857142
,Croatia,45.1,15.2,2020-08-09,5604.0,157.0,Croatia / ,61.0,0.0,49.142857142857146,1.1428571428571428
,Croatia,45.1,15.2,2020-08-10,5649.0,158.0,Croatia / ,45.0,1.0,50.714285714285715,0.7142857142857143
,Croatia,45.1,15.2,2020-08-11,5740.0,160.0,Croatia / ,91.0,2.0,60.285714285714285,0.8571428571428571
,Croatia,45.1,15.2,2020-08-12,5870.0,160.0,Croatia / ,130.0,0.0,70.57142857142857,0.8571428571428571
,Croatia,45.1,15.2,2020-08-13,6050.0,161.0,Croatia / ,180.0,1.0,92.28571428571429,0.8571428571428571
,Croatia,45.1,15.2,2020-08-14,6258.0,163.0,Croatia / ,208.0,2.0,113.14285714285714,1.1428571428571428
,Croatia,45.1,15.2,2020-08-15,6420.0,165.0,Croatia / ,162.0,2.0,125.28571428571429,1.1428571428571428
,Croatia,45.1,15.2,2020-08-16,6571.0,166.0,Croatia / ,151.0,1.0,138.14285714285714,1.2857142857142858
,Croatia,45.1,15.2,2020-08-17,6656.0,166.0,Croatia / ,85.0,0.0,143.85714285714286,1.1428571428571428
,Croatia,45.1,15.2,2020-08-18,6855.0,166.0,Croatia / ,199.0,0.0,159.28571428571428,0.8571428571428571
,Croatia,45.1,15.2,2020-08-19,7074.0,168.0,Croatia / ,219.0,2.0,172.0,1.1428571428571428
,Croatia,45.1,15.2,2020-08-20,7329.0,168.0,Croatia / ,255.0,0.0,182.71428571428572,1.0
,Croatia,45.1,15.2,2020-08-21,7594.0,169.0,Croatia / ,265.0,1.0,190.85714285714286,0.8571428571428571
,Croatia,45.1,15.2,2020-08-22,7900.0,170.0,Croatia / ,306.0,1.0,211.42857142857142,0.7142857142857143
,Croatia,45.1,15.2,2020-08-23,8175.0,171.0,Croatia / ,275.0,1.0,229.14285714285714,0.7142857142857143
,Croatia,45.1,15.2,2020-08-24,8311.0,173.0,Croatia / ,136.0,2.0,236.42857142857142,1.0
,Croatia,45.1,15.2,2020-08-25,8530.0,175.0,Croatia / ,219.0,2.0,239.28571428571428,1.2857142857142858
,Croatia,45.1,15.2,2020-08-26,8888.0,175.0,Croatia / ,358.0,0.0,259.14285714285717,1.0
,Croatia,45.1,15.2,2020-08-27,9192.0,177.0,Croatia / ,304.0,2.0,266.14285714285717,1.2857142857142858
,Croatia,45.1,15.2,2020-08-28,9549.0,180.0,Croatia / ,357.0,3.0,279.2857142857143,1.5714285714285714
,Croatia,45.1,15.2,2020-08-29,9861.0,183.0,Croatia / ,312.0,3.0,280.14285714285717,1.8571428571428572
,Croatia,45.1,15.2,2020-08-30,10123.0,184.0,Croatia / ,262.0,1.0,278.2857142857143,1.8571428571428572
,Croatia,45.1,15.2,2020-08-31,10269.0,186.0,Croatia / ,146.0,2.0,279.7142857142857,1.8571428571428572
,Croatia,45.1,15.2,2020-09-01,10414.0,187.0,Croatia / ,145.0,1.0,269.14285714285717,1.7142857142857142
,Croatia,45.1,15.2,2020-09-02,10725.0,191.0,Croatia / ,311.0,4.0,262.42857142857144,2.2857142857142856
,Croatia,45.1,15.2,2020-09-03,11094.0,194.0,Croatia / ,369.0,3.0,271.7142857142857,2.4285714285714284
,Croatia,45.1,15.2,2020-09-04,11428.0,195.0,Croatia / ,334.0,1.0,268.42857142857144,2.142857142857143
,Croatia,45.1,15.2,2020-09-05,11739.0,197.0,Croatia / ,311.0,2.0,268.2857142857143,2.0
,Croatia,45.1,15.2,2020-09-06,11964.0,198.0,Croatia / ,225.0,1.0,263.0,2.0
,Croatia,45.1,15.2,2020-09-07,12081.0,201.0,Croatia / ,117.0,3.0,258.85714285714283,2.142857142857143
,Croatia,45.1,15.2,2020-09-08,12285.0,203.0,Croatia / ,204.0,2.0,267.2857142857143,2.2857142857142856
,Croatia,45.1,15.2,2020-09-09,12626.0,206.0,Croatia / ,341.0,3.0,271.57142857142856,2.142857142857143
,Croatia,45.1,15.2,2020-09-10,12917.0,208.0,Croatia / ,291.0,2.0,260.42857142857144,2.0
,Croatia,45.1,15.2,2020-09-11,13107.0,211.0,Croatia / ,190.0,3.0,239.85714285714286,2.2857142857142856
,Croatia,45.1,15.2,2020-09-12,13368.0,218.0,Croatia / ,261.0,7.0,232.71428571428572,3.0
,Croatia,45.1,15.2,2020-09-13,13533.0,224.0,Croatia / ,165.0,6.0,224.14285714285714,3.7142857142857144
,Croatia,45.1,15.2,2020-09-14,13598.0,227.0,Croatia / ,65.0,3.0,216.71428571428572,3.7142857142857144
,Croatia,45.1,15.2,2020-09-15,13749.0,230.0,Croatia / ,151.0,3.0,209.14285714285714,3.857142857142857
,Croatia,45.1,15.2,2020-09-16,14029.0,236.0,Croatia / ,280.0,6.0,200.42857142857142,4.285714285714286
,Croatia,45.1,15.2,2020-09-17,14279.0,238.0,Croatia / ,250.0,2.0,194.57142857142858,4.285714285714286
,Croatia,45.1,15.2,2020-09-18,14513.0,244.0,Croatia / ,234.0,6.0,200.85714285714286,4.714285714285714
,Croatia,45.1,15.2,2020-09-19,14725.0,244.0,Croatia / ,212.0,0.0,193.85714285714286,3.7142857142857144
,Croatia,45.1,15.2,2020-09-20,14922.0,248.0,Croatia / ,197.0,4.0,198.42857142857142,3.4285714285714284
,Croatia,45.1,15.2,2020-09-21,14992.0,253.0,Croatia / ,70.0,5.0,199.14285714285714,3.7142857142857144
,Croatia,45.1,15.2,2020-09-22,15136.0,255.0,Croatia / ,144.0,2.0,198.14285714285714,3.5714285714285716
,Croatia,45.1,15.2,2020-09-23,15340.0,257.0,Croatia / ,204.0,2.0,187.28571428571428,3.0
,Croatia,45.1,15.2,2020-09-24,15572.0,261.0,Croatia / ,232.0,4.0,184.71428571428572,3.2857142857142856
,Croatia,45.1,15.2,2020-09-25,15795.0,266.0,Croatia / ,223.0,5.0,183.14285714285714,3.142857142857143
,Croatia,45.1,15.2,2020-09-26,16007.0,269.0,Croatia / ,212.0,3.0,183.14285714285714,3.5714285714285716
,Croatia,45.1,15.2,2020-09-27,16197.0,272.0,Croatia / ,190.0,3.0,182.14285714285714,3.4285714285714284
,Croatia,45.1,15.2,2020-09-28,16245.0,272.0,Croatia / ,48.0,0.0,179.0,2.7142857142857144
,Croatia,45.1,15.2,2020-09-29,16380.0,275.0,Croatia / ,135.0,3.0,177.71428571428572,2.857142857142857
,Croatia,45.1,15.2,2020-09-30,16593.0,280.0,Croatia / ,213.0,5.0,179.0,3.2857142857142856
,Croatia,45.1,15.2,2020-10-01,16827.0,284.0,Croatia / ,234.0,4.0,179.28571428571428,3.2857142857142856
,Croatia,45.1,15.2,2020-10-02,17160.0,291.0,Croatia / ,333.0,7.0,195.0,3.5714285714285716
,Croatia,45.1,15.2,2020-10-03,17401.0,293.0,Croatia / ,241.0,2.0,199.14285714285714,3.4285714285714284
,Croatia,45.1,15.2,2020-10-04,17659.0,298.0,Croatia / ,258.0,5.0,208.85714285714286,3.7142857142857144
,Croatia,45.1,15.2,2020-10-05,17797.0,300.0,Croatia / ,138.0,2.0,221.71428571428572,4.0
,Croatia,45.1,15.2,2020-10-06,18084.0,304.0,Croatia / ,287.0,4.0,243.42857142857142,4.142857142857143
,Croatia,45.1,15.2,2020-10-07,18447.0,309.0,Croatia / ,363.0,5.0,264.85714285714283,4.142857142857143
,Croatia,45.1,15.2,2020-10-08,18989.0,310.0,Croatia / ,542.0,1.0,308.85714285714283,3.7142857142857144
,Croatia,45.1,15.2,2020-10-09,19446.0,313.0,Croatia / ,457.0,3.0,326.57142857142856,3.142857142857143
,Croatia,45.1,15.2,2020-10-10,19932.0,317.0,Croatia / ,486.0,4.0,361.57142857142856,3.4285714285714284
,Croatia,45.1,15.2,2020-10-11,20440.0,324.0,Croatia / ,508.0,7.0,397.2857142857143,3.7142857142857144
,Croatia,45.1,15.2,2020-10-12,20621.0,327.0,Croatia / ,181.0,3.0,403.42857142857144,3.857142857142857
,Croatia,45.1,15.2,2020-10-13,20993.0,330.0,Croatia / ,372.0,3.0,415.57142857142856,3.7142857142857144
,Croatia,45.1,15.2,2020-10-14,21741.0,334.0,Croatia / ,748.0,4.0,470.57142857142856,3.5714285714285716
,Croatia,45.1,15.2,2020-10-15,22534.0,344.0,Croatia / ,793.0,10.0,506.42857142857144,4.857142857142857
,Croatia,45.1,15.2,2020-10-16,23665.0,345.0,Croatia / ,1131.0,1.0,602.7142857142857,4.571428571428571
,Croatia,45.1,15.2,2020-10-17,24761.0,355.0,Croatia / ,1096.0,10.0,689.8571428571429,5.428571428571429
,Croatia,45.1,15.2,2020-10-18,25580.0,363.0,Croatia / ,819.0,8.0,734.2857142857143,5.571428571428571
,Croatia,45.1,15.2,2020-10-19,25973.0,374.0,Croatia / ,393.0,11.0,764.5714285714286,6.714285714285714
,Croatia,45.1,15.2,2020-10-20,26863.0,382.0,Croatia / ,890.0,8.0,838.5714285714286,7.428571428571429
,Croatia,45.1,15.2,2020-10-21,28287.0,393.0,Croatia / ,1424.0,11.0,935.1428571428571,8.428571428571429
,Croatia,45.1,15.2,2020-10-22,29850.0,406.0,Croatia / ,1563.0,13.0,1045.142857142857,8.857142857142858
,Croatia,45.1,15.2,2020-10-23,31717.0,413.0,Croatia / ,1867.0,7.0,1150.2857142857142,9.714285714285714
,Croatia,45.1,15.2,2020-10-24,33959.0,429.0,Croatia / ,2242.0,16.0,1314.0,10.571428571428571
,Croatia,45.1,15.2,2020-10-25,36380.0,437.0,Croatia / ,2421.0,8.0,1542.857142857143,10.571428571428571
,Croatia,45.1,15.2,2020-10-26,37208.0,452.0,Croatia / ,828.0,15.0,1605.0,11.142857142857142
,Croatia,45.1,15.2,2020-10-27,38621.0,470.0,Croatia / ,1413.0,18.0,1679.7142857142858,12.571428571428571
,Croatia,45.1,15.2,2020-10-28,40999.0,493.0,Croatia / ,2378.0,23.0,1816.0,14.285714285714286
,Croatia,45.1,15.2,2020-10-29,43775.0,511.0,Croatia / ,2776.0,18.0,1989.2857142857142,15.0
,Croatia,45.1,15.2,2020-10-30,46547.0,531.0,Croatia / ,2772.0,20.0,2118.5714285714284,16.857142857142858
,Croatia,45.1,15.2,2020-10-31,49316.0,546.0,Croatia / ,2769.0,15.0,2193.8571428571427,16.714285714285715
,Croatia,45.1,15.2,2020-11-01,51495.0,562.0,Croatia / ,2179.0,16.0,2159.285714285714,17.857142857142858
,Croatia,45.1,15.2,2020-11-02,52660.0,594.0,Croatia / ,1165.0,32.0,2207.4285714285716,20.285714285714285
,Croatia,45.1,15.2,2020-11-03,54087.0,628.0,Croatia / ,1427.0,34.0,2209.4285714285716,22.571428571428573
,Croatia,45.1,15.2,2020-11-04,56567.0,654.0,Croatia / ,2480.0,26.0,2224.0,23.0
,Croatia,45.1,15.2,2020-11-05,59415.0,683.0,Croatia / ,2848.0,29.0,2234.285714285714,24.571428571428573
,Croatia,45.1,15.2,2020-11-06,62305.0,717.0,Croatia / ,2890.0,34.0,2251.1428571428573,26.571428571428573
,Croatia,45.1,15.2,2020-11-07,64704.0,752.0,Croatia / ,2399.0,35.0,2198.285714285714,29.428571428571427
,Croatia,45.1,15.2,2020-11-08,67247.0,794.0,Croatia / ,2543.0,42.0,2250.285714285714,33.142857142857146
,Croatia,45.1,15.2,2020-11-09,68776.0,832.0,Croatia / ,1529.0,38.0,2302.285714285714,34.0
,Croatia,45.1,15.2,2020-11-10,70243.0,865.0,Croatia / ,1467.0,33.0,2308.0,33.857142857142854
,Croatia,45.1,15.2,2020-11-11,72840.0,893.0,Croatia / ,2597.0,28.0,2324.714285714286,34.142857142857146
,Croatia,45.1,15.2,2020-11-12,75922.0,925.0,Croatia / ,3082.0,32.0,2358.1428571428573,34.57142857142857
,Croatia,45.1,15.2,2020-11-13,78978.0,968.0,Croatia / ,3056.0,43.0,2381.8571428571427,35.857142857142854
,Croatia,45.1,15.2,2020-11-14,81844.0,1006.0,Croatia / ,2866.0,38.0,2448.5714285714284,36.285714285714285
,Croatia,45.1,15.2,2020-11-15,84206.0,1049.0,Croatia / ,2362.0,43.0,2422.714285714286,36.42857142857143
,Croatia,45.1,15.2,2020-11-16,85519.0,1082.0,Croatia / ,1313.0,33.0,2391.8571428571427,35.714285714285715
,Croatia,45.1,15.2,2020-11-17,87464.0,1113.0,Croatia / ,1945.0,31.0,2460.1428571428573,35.42857142857143
,Croatia,45.1,15.2,2020-11-18,90715.0,1151.0,Croatia / ,3251.0,38.0,2553.5714285714284,36.857142857142854
,Croatia,45.1,15.2,2020-11-19,93879.0,1200.0,Croatia / ,3164.0,49.0,2565.285714285714,39.285714285714285
,Croatia,45.1,15.2,2020-11-20,96837.0,1257.0,Croatia / ,2958.0,57.0,2551.285714285714,41.285714285714285
,Croatia,45.1,15.2,2020-11-21,100410.0,1304.0,Croatia / ,3573.0,47.0,2652.285714285714,42.57142857142857
,Croatia,45.1,15.2,2020-11-22,103718.0,1353.0,Croatia / ,3308.0,49.0,2787.4285714285716,43.42857142857143
,Croatia,45.1,15.2,2020-11-23,105691.0,1398.0,Croatia / ,1973.0,45.0,2881.714285714286,45.142857142857146
,Croatia,45.1,15.2,2020-11-24,108014.0,1445.0,Croatia / ,2323.0,47.0,2935.714285714286,47.42857142857143
,Croatia,45.1,15.2,2020-11-25,111617.0,1501.0,Croatia / ,3603.0,56.0,2986.0,50.0
,Croatia,45.1,15.2,2020-11-26,115626.0,1552.0,Croatia / ,4009.0,51.0,3106.714285714286,50.285714285714285
,Croatia,45.1,15.2,2020-11-27,119706.0,1600.0,Croatia / ,4080.0,48.0,3267.0,49.0
,Croatia,45.1,15.2,2020-11-28,123693.0,1655.0,Croatia / ,3987.0,55.0,3326.1428571428573,50.142857142857146
,Croatia,45.1,15.2,2020-11-29,126612.0,1712.0,Croatia / ,2919.0,57.0,3270.5714285714284,51.285714285714285
,Croatia,45.1,15.2,2020-11-30,128442.0,1786.0,Croatia / ,1830.0,74.0,3250.1428571428573,55.42857142857143
,Croatia,45.1,15.2,2020-12-01,131342.0,1861.0,Croatia / ,2900.0,75.0,3332.5714285714284,59.42857142857143
,Croatia,45.1,15.2,2020-12-02,134881.0,1916.0,Croatia / ,3539.0,55.0,3323.4285714285716,59.285714285714285
,Croatia,45.1,15.2,2020-12-03,139415.0,1964.0,Croatia / ,4534.0,48.0,3398.4285714285716,58.857142857142854
,Croatia,45.1,15.2,2020-12-04,143370.0,2032.0,Croatia / ,3955.0,68.0,3380.5714285714284,61.714285714285715
,Croatia,45.1,15.2,2020-12-05,147454.0,2102.0,Croatia / ,4084.0,70.0,3394.4285714285716,63.857142857142854
,Croatia,45.1,15.2,2020-12-06,150353.0,2174.0,Croatia / ,2899.0,72.0,3391.5714285714284,66.0
,Croatia,45.1,15.2,2020-12-07,152239.0,2233.0,Croatia / ,1886.0,59.0,3399.5714285714284,63.857142857142854
,Croatia,45.1,15.2,2020-12-08,154852.0,2298.0,Croatia / ,2613.0,65.0,3358.5714285714284,62.42857142857143
,Croatia,45.1,15.2,2020-12-09,159372.0,2367.0,Croatia / ,4520.0,69.0,3498.714285714286,64.42857142857143
,Croatia,45.1,15.2,2020-12-10,163992.0,2420.0,Croatia / ,4620.0,53.0,3511.0,65.14285714285714
,Croatia,45.1,15.2,2020-12-11,168388.0,2484.0,Croatia / ,4396.0,64.0,3574.0,64.57142857142857
,Croatia,45.1,15.2,2020-12-12,172523.0,2562.0,Croatia / ,4135.0,78.0,3581.285714285714,65.71428571428571
,Croatia,45.1,15.2,2020-12-13,175886.0,2640.0,Croatia / ,3363.0,78.0,3647.5714285714284,66.57142857142857
,Croatia,45.1,15.2,2020-12-14,177358.0,2705.0,Croatia / ,1472.0,65.0,3588.4285714285716,67.42857142857143
,Croatia,45.1,15.2,2020-12-15,179718.0,2778.0,Croatia / ,2360.0,73.0,3552.285714285714,68.57142857142857
,Croatia,45.1,15.2,2020-12-16,183045.0,2870.0,Croatia / ,3327.0,92.0,3381.8571428571427,71.85714285714286
,Croatia,45.1,15.2,2020-12-17,186963.0,2955.0,Croatia / ,3918.0,85.0,3281.5714285714284,76.42857142857143
,Croatia,45.1,15.2,2020-12-18,190235.0,3023.0,Croatia / ,3272.0,68.0,3121.0,77.0
,Croatia,45.1,15.2,2020-12-19,192987.0,3101.0,Croatia / ,2752.0,78.0,2923.4285714285716,77.0
,Croatia,45.1,15.2,2020-12-20,194962.0,3177.0,Croatia / ,1975.0,76.0,2725.1428571428573,76.71428571428571
