country,province,lastDate,latitude,longitude,date,confirmed,confirmedNew,confirmedNewMean,deaths,deathsNew,deathsNewMean
Venezuela,,2020-11-19,6.4238,-66.5897,2020-01-28,0,0,0.0,0,0,0.0
Venezuela,,2020-11-19,6.4238,-66.5897,2020-01-29,0,0,0.0,0,0,0.0
Venezuela,,2020-11-19,6.4238,-66.5897,2020-01-30,0,0,0.0,0,0,0.0
Venezuela,,2020-11-19,6.4238,-66.5897,2020-01-31,0,0,0.0,0,0,0.0
Venezuela,,2020-11-19,6.4238,-66.5897,2020-02-01,0,0,0.0,0,0,0.0
Venezuela,,2020-11-19,6.4238,-66.5897,2020-02-02,0,0,0.0,0,0,0.0
Venezuela,,2020-11-19,6.4238,-66.5897,2020-02-03,0,0,0.0,0,0,0.0
Venezuela,,2020-11-19,6.4238,-66.5897,2020-02-04,0,0,0.0,0,0,0.0
Venezuela,,2020-11-19,6.4238,-66.5897,2020-02-05,0,0,0.0,0,0,0.0
Venezuela,,2020-11-19,6.4238,-66.5897,2020-02-06,0,0,0.0,0,0,0.0
Venezuela,,2020-11-19,6.4238,-66.5897,2020-02-07,0,0,0.0,0,0,0.0
Venezuela,,2020-11-19,6.4238,-66.5897,2020-02-08,0,0,0.0,0,0,0.0
Venezuela,,2020-11-19,6.4238,-66.5897,2020-02-09,0,0,0.0,0,0,0.0
Venezuela,,2020-11-19,6.4238,-66.5897,2020-02-10,0,0,0.0,0,0,0.0
Venezuela,,2020-11-19,6.4238,-66.5897,2020-02-11,0,0,0.0,0,0,0.0
Venezuela,,2020-11-19,6.4238,-66.5897,2020-02-12,0,0,0.0,0,0,0.0
Venezuela,,2020-11-19,6.4238,-66.5897,2020-02-13,0,0,0.0,0,0,0.0
Venezuela,,2020-11-19,6.4238,-66.5897,2020-02-14,0,0,0.0,0,0,0.0
Venezuela,,2020-11-19,6.4238,-66.5897,2020-02-15,0,0,0.0,0,0,0.0
Venezuela,,2020-11-19,6.4238,-66.5897,2020-02-16,0,0,0.0,0,0,0.0
Venezuela,,2020-11-19,6.4238,-66.5897,2020-02-17,0,0,0.0,0,0,0.0
Venezuela,,2020-11-19,6.4238,-66.5897,2020-02-18,0,0,0.0,0,0,0.0
Venezuela,,2020-11-19,6.4238,-66.5897,2020-02-19,0,0,0.0,0,0,0.0
Venezuela,,2020-11-19,6.4238,-66.5897,2020-02-20,0,0,0.0,0,0,0.0
Venezuela,,2020-11-19,6.4238,-66.5897,2020-02-21,0,0,0.0,0,0,0.0
Venezuela,,2020-11-19,6.4238,-66.5897,2020-02-22,0,0,0.0,0,0,0.0
Venezuela,,2020-11-19,6.4238,-66.5897,2020-02-23,0,0,0.0,0,0,0.0
Venezuela,,2020-11-19,6.4238,-66.5897,2020-02-24,0,0,0.0,0,0,0.0
Venezuela,,2020-11-19,6.4238,-66.5897,2020-02-25,0,0,0.0,0,0,0.0
Venezuela,,2020-11-19,6.4238,-66.5897,2020-02-26,0,0,0.0,0,0,0.0
Venezuela,,2020-11-19,6.4238,-66.5897,2020-02-27,0,0,0.0,0,0,0.0
Venezuela,,2020-11-19,6.4238,-66.5897,2020-02-28,0,0,0.0,0,0,0.0
Venezuela,,2020-11-19,6.4238,-66.5897,2020-02-29,0,0,0.0,0,0,0.0
Venezuela,,2020-11-19,6.4238,-66.5897,2020-03-01,0,0,0.0,0,0,0.0
Venezuela,,2020-11-19,6.4238,-66.5897,2020-03-02,0,0,0.0,0,0,0.0
Venezuela,,2020-11-19,6.4238,-66.5897,2020-03-03,0,0,0.0,0,0,0.0
Venezuela,,2020-11-19,6.4238,-66.5897,2020-03-04,0,0,0.0,0,0,0.0
Venezuela,,2020-11-19,6.4238,-66.5897,2020-03-05,0,0,0.0,0,0,0.0
Venezuela,,2020-11-19,6.4238,-66.5897,2020-03-06,0,0,0.0,0,0,0.0
Venezuela,,2020-11-19,6.4238,-66.5897,2020-03-07,0,0,0.0,0,0,0.0
Venezuela,,2020-11-19,6.4238,-66.5897,2020-03-08,0,0,0.0,0,0,0.0
Venezuela,,2020-11-19,6.4238,-66.5897,2020-03-09,0,0,0.0,0,0,0.0
Venezuela,,2020-11-19,6.4238,-66.5897,2020-03-10,0,0,0.0,0,0,0.0
Venezuela,,2020-11-19,6.4238,-66.5897,2020-03-11,0,0,0.0,0,0,0.0
Venezuela,,2020-11-19,6.4238,-66.5897,2020-03-12,0,0,0.0,0,0,0.0
Venezuela,,2020-11-19,6.4238,-66.5897,2020-03-13,0,0,0.0,0,0,0.0
Venezuela,,2020-11-19,6.4238,-66.5897,2020-03-14,2,2,0.2857142857142857,0,0,0.0
Venezuela,,2020-11-19,6.4238,-66.5897,2020-03-15,10,8,1.4285714285714286,0,0,0.0
Venezuela,,2020-11-19,6.4238,-66.5897,2020-03-16,17,7,2.4285714285714284,0,0,0.0
Venezuela,,2020-11-19,6.4238,-66.5897,2020-03-17,33,16,4.714285714285714,0,0,0.0
Venezuela,,2020-11-19,6.4238,-66.5897,2020-03-18,36,3,5.142857142857143,0,0,0.0
Venezuela,,2020-11-19,6.4238,-66.5897,2020-03-19,42,6,6.0,0,0,0.0
Venezuela,,2020-11-19,6.4238,-66.5897,2020-03-20,42,0,6.0,0,0,0.0
Venezuela,,2020-11-19,6.4238,-66.5897,2020-03-21,70,28,9.714285714285714,0,0,0.0
Venezuela,,2020-11-19,6.4238,-66.5897,2020-03-22,70,0,8.571428571428571,0,0,0.0
Venezuela,,2020-11-19,6.4238,-66.5897,2020-03-23,77,7,8.571428571428571,0,0,0.0
Venezuela,,2020-11-19,6.4238,-66.5897,2020-03-24,84,7,7.285714285714286,0,0,0.0
Venezuela,,2020-11-19,6.4238,-66.5897,2020-03-25,91,7,7.857142857142857,0,0,0.0
Venezuela,,2020-11-19,6.4238,-66.5897,2020-03-26,107,16,9.285714285714286,0,0,0.0
Venezuela,,2020-11-19,6.4238,-66.5897,2020-03-27,107,0,9.285714285714286,1,1,0.14285714285714285
Venezuela,,2020-11-19,6.4238,-66.5897,2020-03-28,119,12,7.0,2,1,0.2857142857142857
Venezuela,,2020-11-19,6.4238,-66.5897,2020-03-29,119,0,7.0,2,0,0.2857142857142857
Venezuela,,2020-11-19,6.4238,-66.5897,2020-03-30,135,16,8.285714285714286,3,1,0.42857142857142855
Venezuela,,2020-11-19,6.4238,-66.5897,2020-03-31,135,0,7.285714285714286,3,0,0.42857142857142855
Venezuela,,2020-11-19,6.4238,-66.5897,2020-04-01,143,8,7.428571428571429,3,0,0.42857142857142855
Venezuela,,2020-11-19,6.4238,-66.5897,2020-04-02,146,3,5.571428571428571,5,2,0.7142857142857143
Venezuela,,2020-11-19,6.4238,-66.5897,2020-04-03,153,7,6.571428571428571,7,2,0.8571428571428571
Venezuela,,2020-11-19,6.4238,-66.5897,2020-04-04,155,2,5.142857142857143,7,0,0.7142857142857143
Venezuela,,2020-11-19,6.4238,-66.5897,2020-04-05,159,4,5.714285714285714,7,0,0.7142857142857143
Venezuela,,2020-11-19,6.4238,-66.5897,2020-04-06,165,6,4.285714285714286,7,0,0.5714285714285714
Venezuela,,2020-11-19,6.4238,-66.5897,2020-04-07,165,0,4.285714285714286,7,0,0.5714285714285714
Venezuela,,2020-11-19,6.4238,-66.5897,2020-04-08,167,2,3.4285714285714284,9,2,0.8571428571428571
Venezuela,,2020-11-19,6.4238,-66.5897,2020-04-09,171,4,3.5714285714285716,9,0,0.5714285714285714
Venezuela,,2020-11-19,6.4238,-66.5897,2020-04-10,171,0,2.5714285714285716,9,0,0.2857142857142857
Venezuela,,2020-11-19,6.4238,-66.5897,2020-04-11,175,4,2.857142857142857,9,0,0.2857142857142857
Venezuela,,2020-11-19,6.4238,-66.5897,2020-04-12,181,6,3.142857142857143,9,0,0.2857142857142857
Venezuela,,2020-11-19,6.4238,-66.5897,2020-04-13,189,8,3.4285714285714284,9,0,0.2857142857142857
Venezuela,,2020-11-19,6.4238,-66.5897,2020-04-14,189,0,3.4285714285714284,9,0,0.2857142857142857
Venezuela,,2020-11-19,6.4238,-66.5897,2020-04-15,197,8,4.285714285714286,9,0,0.0
Venezuela,,2020-11-19,6.4238,-66.5897,2020-04-16,204,7,4.714285714285714,9,0,0.0
Venezuela,,2020-11-19,6.4238,-66.5897,2020-04-17,204,0,4.714285714285714,9,0,0.0
Venezuela,,2020-11-19,6.4238,-66.5897,2020-04-18,227,23,7.428571428571429,9,0,0.0
Venezuela,,2020-11-19,6.4238,-66.5897,2020-04-19,256,29,10.714285714285714,9,0,0.0
Venezuela,,2020-11-19,6.4238,-66.5897,2020-04-20,256,0,9.571428571428571,9,0,0.0
Venezuela,,2020-11-19,6.4238,-66.5897,2020-04-21,285,29,13.714285714285714,10,1,0.14285714285714285
Venezuela,,2020-11-19,6.4238,-66.5897,2020-04-22,288,3,13.0,10,0,0.14285714285714285
Venezuela,,2020-11-19,6.4238,-66.5897,2020-04-23,311,23,15.285714285714286,10,0,0.14285714285714285
Venezuela,,2020-11-19,6.4238,-66.5897,2020-04-24,318,7,16.285714285714285,10,0,0.14285714285714285
Venezuela,,2020-11-19,6.4238,-66.5897,2020-04-25,323,5,13.714285714285714,10,0,0.14285714285714285
Venezuela,,2020-11-19,6.4238,-66.5897,2020-04-26,325,2,9.857142857142858,10,0,0.14285714285714285
Venezuela,,2020-11-19,6.4238,-66.5897,2020-04-27,329,4,10.428571428571429,10,0,0.14285714285714285
Venezuela,,2020-11-19,6.4238,-66.5897,2020-04-28,329,0,6.285714285714286,10,0,0.0
Venezuela,,2020-11-19,6.4238,-66.5897,2020-04-29,331,2,6.142857142857143,10,0,0.0
Venezuela,,2020-11-19,6.4238,-66.5897,2020-04-30,333,2,3.142857142857143,16,6,0.8571428571428571
Venezuela,,2020-11-19,6.4238,-66.5897,2020-05-01,335,2,2.4285714285714284,10,0,0.8571428571428571
Venezuela,,2020-11-19,6.4238,-66.5897,2020-05-02,345,10,3.142857142857143,10,0,0.8571428571428571
Venezuela,,2020-11-19,6.4238,-66.5897,2020-05-03,357,12,4.571428571428571,10,0,0.8571428571428571
Venezuela,,2020-11-19,6.4238,-66.5897,2020-05-04,357,0,4.0,10,0,0.8571428571428571
Venezuela,,2020-11-19,6.4238,-66.5897,2020-05-05,361,4,4.571428571428571,10,0,0.8571428571428571
Venezuela,,2020-11-19,6.4238,-66.5897,2020-05-06,379,18,6.857142857142857,10,0,0.8571428571428571
Venezuela,,2020-11-19,6.4238,-66.5897,2020-05-07,381,2,6.857142857142857,10,0,0.0
Venezuela,,2020-11-19,6.4238,-66.5897,2020-05-08,388,7,7.571428571428571,10,0,0.0
Venezuela,,2020-11-19,6.4238,-66.5897,2020-05-09,402,14,8.142857142857142,10,0,0.0
Venezuela,,2020-11-19,6.4238,-66.5897,2020-05-10,414,12,8.142857142857142,10,0,0.0
Venezuela,,2020-11-19,6.4238,-66.5897,2020-05-11,422,8,9.285714285714286,10,0,0.0
Venezuela,,2020-11-19,6.4238,-66.5897,2020-05-12,423,1,8.857142857142858,10,0,0.0
Venezuela,,2020-11-19,6.4238,-66.5897,2020-05-13,423,0,6.285714285714286,10,0,0.0
Venezuela,,2020-11-19,6.4238,-66.5897,2020-05-14,455,32,10.571428571428571,10,0,0.0
Venezuela,,2020-11-19,6.4238,-66.5897,2020-05-15,459,4,10.142857142857142,10,0,0.0
Venezuela,,2020-11-19,6.4238,-66.5897,2020-05-16,504,45,14.571428571428571,10,0,0.0
Venezuela,,2020-11-19,6.4238,-66.5897,2020-05-17,541,37,18.142857142857142,10,0,0.0
Venezuela,,2020-11-19,6.4238,-66.5897,2020-05-18,618,77,28.0,10,0,0.0
Venezuela,,2020-11-19,6.4238,-66.5897,2020-05-19,749,131,46.57142857142857,10,0,0.0
Venezuela,,2020-11-19,6.4238,-66.5897,2020-05-20,824,75,57.285714285714285,10,0,0.0
Venezuela,,2020-11-19,6.4238,-66.5897,2020-05-21,882,58,61.0,10,0,0.0
Venezuela,,2020-11-19,6.4238,-66.5897,2020-05-22,944,62,69.28571428571429,10,0,0.0
Venezuela,,2020-11-19,6.4238,-66.5897,2020-05-23,1010,66,72.28571428571429,10,0,0.0
Venezuela,,2020-11-19,6.4238,-66.5897,2020-05-24,1121,111,82.85714285714286,10,0,0.0
Venezuela,,2020-11-19,6.4238,-66.5897,2020-05-25,1177,56,79.85714285714286,10,0,0.0
Venezuela,,2020-11-19,6.4238,-66.5897,2020-05-26,1211,34,66.0,11,1,0.14285714285714285
Venezuela,,2020-11-19,6.4238,-66.5897,2020-05-27,1245,34,60.142857142857146,11,0,0.14285714285714285
Venezuela,,2020-11-19,6.4238,-66.5897,2020-05-28,1325,80,63.285714285714285,11,0,0.14285714285714285
Venezuela,,2020-11-19,6.4238,-66.5897,2020-05-29,1370,45,60.857142857142854,14,3,0.5714285714285714
Venezuela,,2020-11-19,6.4238,-66.5897,2020-05-30,1459,89,64.14285714285714,14,0,0.5714285714285714
Venezuela,,2020-11-19,6.4238,-66.5897,2020-05-31,1510,51,55.57142857142857,14,0,0.5714285714285714
Venezuela,,2020-11-19,6.4238,-66.5897,2020-06-01,1662,152,69.28571428571429,17,3,1.0
Venezuela,,2020-11-19,6.4238,-66.5897,2020-06-02,1819,157,86.85714285714286,18,1,1.0
Venezuela,,2020-11-19,6.4238,-66.5897,2020-06-03,1952,133,101.0,20,2,1.2857142857142858
Venezuela,,2020-11-19,6.4238,-66.5897,2020-06-04,2087,135,108.85714285714286,20,0,1.2857142857142858
Venezuela,,2020-11-19,6.4238,-66.5897,2020-06-05,2145,58,110.71428571428571,20,0,0.8571428571428571
Venezuela,,2020-11-19,6.4238,-66.5897,2020-06-06,2316,171,122.42857142857143,22,2,1.1428571428571428
Venezuela,,2020-11-19,6.4238,-66.5897,2020-06-07,2377,61,123.85714285714286,22,0,1.1428571428571428
Venezuela,,2020-11-19,6.4238,-66.5897,2020-06-08,2473,96,115.85714285714286,22,0,0.7142857142857143
Venezuela,,2020-11-19,6.4238,-66.5897,2020-06-09,2632,159,116.14285714285714,23,1,0.7142857142857143
Venezuela,,2020-11-19,6.4238,-66.5897,2020-06-10,2738,106,112.28571428571429,23,0,0.42857142857142855
Venezuela,,2020-11-19,6.4238,-66.5897,2020-06-11,2814,76,103.85714285714286,23,0,0.42857142857142855
Venezuela,,2020-11-19,6.4238,-66.5897,2020-06-12,2879,65,104.85714285714286,23,0,0.42857142857142855
Venezuela,,2020-11-19,6.4238,-66.5897,2020-06-13,2904,25,84.0,24,1,0.2857142857142857
Venezuela,,2020-11-19,6.4238,-66.5897,2020-06-14,2978,74,85.85714285714286,25,1,0.42857142857142855
Venezuela,,2020-11-19,6.4238,-66.5897,2020-06-15,3062,84,84.14285714285714,26,1,0.5714285714285714
Venezuela,,2020-11-19,6.4238,-66.5897,2020-06-16,3150,88,74.0,27,1,0.5714285714285714
Venezuela,,2020-11-19,6.4238,-66.5897,2020-06-17,3386,236,92.57142857142857,28,1,0.7142857142857143
Venezuela,,2020-11-19,6.4238,-66.5897,2020-06-18,3483,97,95.57142857142857,28,0,0.7142857142857143
Venezuela,,2020-11-19,6.4238,-66.5897,2020-06-19,3591,108,101.71428571428571,30,2,1.0
Venezuela,,2020-11-19,6.4238,-66.5897,2020-06-20,3789,198,126.42857142857143,33,3,1.2857142857142858
Venezuela,,2020-11-19,6.4238,-66.5897,2020-06-21,3917,128,134.14285714285714,33,0,1.1428571428571428
Venezuela,,2020-11-19,6.4238,-66.5897,2020-06-22,4048,131,140.85714285714286,35,2,1.2857142857142858
Venezuela,,2020-11-19,6.4238,-66.5897,2020-06-23,4187,139,148.14285714285714,35,0,1.1428571428571428
Venezuela,,2020-11-19,6.4238,-66.5897,2020-06-24,4366,179,140.0,38,3,1.4285714285714286
Venezuela,,2020-11-19,6.4238,-66.5897,2020-06-25,4563,197,154.28571428571428,39,1,1.5714285714285714
Venezuela,,2020-11-19,6.4238,-66.5897,2020-06-26,4779,216,169.71428571428572,41,2,1.5714285714285714
Venezuela,,2020-11-19,6.4238,-66.5897,2020-06-27,5130,351,191.57142857142858,42,1,1.2857142857142858
Venezuela,,2020-11-19,6.4238,-66.5897,2020-06-28,5297,167,197.14285714285714,44,2,1.5714285714285714
Venezuela,,2020-11-19,6.4238,-66.5897,2020-06-29,5530,233,211.71428571428572,48,4,1.8571428571428572
Venezuela,,2020-11-19,6.4238,-66.5897,2020-06-30,5832,302,235.0,51,3,2.2857142857142856
Venezuela,,2020-11-19,6.4238,-66.5897,2020-07-01,6062,230,242.28571428571428,54,3,2.2857142857142856
Venezuela,,2020-11-19,6.4238,-66.5897,2020-07-02,6273,211,244.28571428571428,57,3,2.5714285714285716
Venezuela,,2020-11-19,6.4238,-66.5897,2020-07-03,6537,264,251.14285714285714,59,2,2.5714285714285716
Venezuela,,2020-11-19,6.4238,-66.5897,2020-07-04,6750,213,231.42857142857142,62,3,2.857142857142857
Venezuela,,2020-11-19,6.4238,-66.5897,2020-07-05,7169,419,267.42857142857144,65,3,3.0
Venezuela,,2020-11-19,6.4238,-66.5897,2020-07-06,7411,242,268.7142857142857,68,3,2.857142857142857
Venezuela,,2020-11-19,6.4238,-66.5897,2020-07-07,7693,282,265.85714285714283,71,3,2.857142857142857
Venezuela,,2020-11-19,6.4238,-66.5897,2020-07-08,8008,315,278.0,75,4,3.0
Venezuela,,2020-11-19,6.4238,-66.5897,2020-07-09,8372,364,299.85714285714283,80,5,3.2857142857142856
Venezuela,,2020-11-19,6.4238,-66.5897,2020-07-10,8803,431,323.7142857142857,83,3,3.4285714285714284
Venezuela,,2020-11-19,6.4238,-66.5897,2020-07-11,9178,375,346.85714285714283,85,2,3.2857142857142856
Venezuela,,2020-11-19,6.4238,-66.5897,2020-07-12,9465,287,328.0,89,4,3.4285714285714284
Venezuela,,2020-11-19,6.4238,-66.5897,2020-07-13,9707,242,328.0,93,4,3.5714285714285716
Venezuela,,2020-11-19,6.4238,-66.5897,2020-07-14,10010,303,331.0,96,3,3.5714285714285716
Venezuela,,2020-11-19,6.4238,-66.5897,2020-07-15,10428,418,345.7142857142857,100,4,3.5714285714285716
Venezuela,,2020-11-19,6.4238,-66.5897,2020-07-16,10854,426,354.57142857142856,104,4,3.4285714285714284
Venezuela,,2020-11-19,6.4238,-66.5897,2020-07-17,11191,337,341.14285714285717,107,3,3.4285714285714284
Venezuela,,2020-11-19,6.4238,-66.5897,2020-07-18,11483,292,329.2857142857143,110,3,3.5714285714285716
Venezuela,,2020-11-19,6.4238,-66.5897,2020-07-19,11891,408,346.57142857142856,112,2,3.2857142857142856
Venezuela,,2020-11-19,6.4238,-66.5897,2020-07-20,12334,443,375.2857142857143,116,4,3.2857142857142856
Venezuela,,2020-11-19,6.4238,-66.5897,2020-07-21,12774,440,394.85714285714283,120,4,3.4285714285714284
Venezuela,,2020-11-19,6.4238,-66.5897,2020-07-22,13164,390,390.85714285714283,124,4,3.4285714285714284
Venezuela,,2020-11-19,6.4238,-66.5897,2020-07-23,13613,449,394.14285714285717,129,5,3.5714285714285716
Venezuela,,2020-11-19,6.4238,-66.5897,2020-07-24,14263,650,438.85714285714283,134,5,3.857142857142857
Venezuela,,2020-11-19,6.4238,-66.5897,2020-07-25,14929,666,492.2857142857143,138,4,4.0
Venezuela,,2020-11-19,6.4238,-66.5897,2020-07-26,15463,534,510.2857142857143,142,4,4.285714285714286
Venezuela,,2020-11-19,6.4238,-66.5897,2020-07-27,15988,525,522.0,146,4,4.285714285714286
Venezuela,,2020-11-19,6.4238,-66.5897,2020-07-28,16571,583,542.4285714285714,151,5,4.428571428571429
Venezuela,,2020-11-19,6.4238,-66.5897,2020-07-29,17158,587,570.5714285714286,156,5,4.571428571428571
Venezuela,,2020-11-19,6.4238,-66.5897,2020-07-30,17859,701,606.5714285714286,158,2,4.142857142857143
Venezuela,,2020-11-19,6.4238,-66.5897,2020-07-31,18574,715,615.8571428571429,164,6,4.285714285714286
Venezuela,,2020-11-19,6.4238,-66.5897,2020-08-01,19443,869,644.8571428571429,169,5,4.428571428571429
Venezuela,,2020-11-19,6.4238,-66.5897,2020-08-02,20206,763,677.5714285714286,174,5,4.571428571428571
Venezuela,,2020-11-19,6.4238,-66.5897,2020-08-03,20754,548,680.8571428571429,180,6,4.857142857142857
Venezuela,,2020-11-19,6.4238,-66.5897,2020-08-04,21438,684,695.2857142857143,187,7,5.142857142857143
Venezuela,,2020-11-19,6.4238,-66.5897,2020-08-05,22299,861,734.4285714285714,195,8,5.571428571428571
Venezuela,,2020-11-19,6.4238,-66.5897,2020-08-06,23280,981,774.4285714285714,202,7,6.285714285714286
Venezuela,,2020-11-19,6.4238,-66.5897,2020-08-07,24166,886,798.8571428571429,208,6,6.285714285714286
Venezuela,,2020-11-19,6.4238,-66.5897,2020-08-08,24961,795,788.2857142857143,215,7,6.571428571428571
Venezuela,,2020-11-19,6.4238,-66.5897,2020-08-09,25805,844,799.8571428571429,223,8,7.0
Venezuela,,2020-11-19,6.4238,-66.5897,2020-08-10,26800,995,863.7142857142857,229,6,7.0
Venezuela,,2020-11-19,6.4238,-66.5897,2020-08-11,27938,1138,928.5714285714286,238,9,7.285714285714286
Venezuela,,2020-11-19,6.4238,-66.5897,2020-08-12,29088,1150,969.8571428571429,247,9,7.428571428571429
Venezuela,,2020-11-19,6.4238,-66.5897,2020-08-13,30369,1281,1012.7142857142857,259,12,8.142857142857142
Venezuela,,2020-11-19,6.4238,-66.5897,2020-08-14,31381,1012,1030.7142857142858,266,7,8.285714285714286
Venezuela,,2020-11-19,6.4238,-66.5897,2020-08-15,32607,1226,1092.2857142857142,276,10,8.714285714285714
Venezuela,,2020-11-19,6.4238,-66.5897,2020-08-16,33755,1148,1135.7142857142858,281,5,8.285714285714286
Venezuela,,2020-11-19,6.4238,-66.5897,2020-08-17,34802,1047,1143.142857142857,288,7,8.428571428571429
Venezuela,,2020-11-19,6.4238,-66.5897,2020-08-18,35697,895,1108.4285714285713,297,9,8.428571428571429
Venezuela,,2020-11-19,6.4238,-66.5897,2020-08-19,36868,1171,1111.4285714285713,303,6,8.0
Venezuela,,2020-11-19,6.4238,-66.5897,2020-08-20,37567,699,1028.2857142857142,311,8,7.428571428571429
Venezuela,,2020-11-19,6.4238,-66.5897,2020-08-21,38219,652,976.8571428571429,317,6,7.285714285714286
Venezuela,,2020-11-19,6.4238,-66.5897,2020-08-22,38957,738,907.1428571428571,323,6,6.714285714285714
Venezuela,,2020-11-19,6.4238,-66.5897,2020-08-23,39564,607,829.8571428571429,329,6,6.857142857142857
Venezuela,,2020-11-19,6.4238,-66.5897,2020-08-24,40338,774,790.8571428571429,337,8,7.0
Venezuela,,2020-11-19,6.4238,-66.5897,2020-08-25,41158,820,780.1428571428571,343,6,6.571428571428571
Venezuela,,2020-11-19,6.4238,-66.5897,2020-08-26,41965,807,728.1428571428571,351,8,6.857142857142857
Venezuela,,2020-11-19,6.4238,-66.5897,2020-08-27,42898,933,761.5714285714286,358,7,6.714285714285714
Venezuela,,2020-11-19,6.4238,-66.5897,2020-08-28,43879,981,808.5714285714286,366,8,7.0
Venezuela,,2020-11-19,6.4238,-66.5897,2020-08-29,44946,1067,855.5714285714286,375,9,7.428571428571429
Venezuela,,2020-11-19,6.4238,-66.5897,2020-08-30,45868,922,900.5714285714286,381,6,7.428571428571429
Venezuela,,2020-11-19,6.4238,-66.5897,2020-08-31,46728,860,912.8571428571429,386,5,7.0
Venezuela,,2020-11-19,6.4238,-66.5897,2020-09-01,47756,1028,942.5714285714286,391,5,6.857142857142857
Venezuela,,2020-11-19,6.4238,-66.5897,2020-09-02,48883,1127,988.2857142857143,398,7,6.714285714285714
Venezuela,,2020-11-19,6.4238,-66.5897,2020-09-03,49877,994,997.0,402,4,6.285714285714286
Venezuela,,2020-11-19,6.4238,-66.5897,2020-09-04,50973,1096,1013.4285714285714,412,10,6.571428571428571
Venezuela,,2020-11-19,6.4238,-66.5897,2020-09-05,52165,1192,1031.2857142857142,420,8,6.428571428571429
Venezuela,,2020-11-19,6.4238,-66.5897,2020-09-06,53289,1124,1060.142857142857,428,8,6.714285714285714
Venezuela,,2020-11-19,6.4238,-66.5897,2020-09-07,54350,1061,1088.857142857143,436,8,7.142857142857143
Venezuela,,2020-11-19,6.4238,-66.5897,2020-09-08,55563,1213,1115.2857142857142,444,8,7.571428571428571
Venezuela,,2020-11-19,6.4238,-66.5897,2020-09-09,56751,1188,1124.0,452,8,7.714285714285714
Venezuela,,2020-11-19,6.4238,-66.5897,2020-09-10,57823,1072,1135.142857142857,460,8,8.285714285714286
Venezuela,,2020-11-19,6.4238,-66.5897,2020-09-11,58663,840,1098.5714285714287,468,8,8.0
Venezuela,,2020-11-19,6.4238,-66.5897,2020-09-12,59630,967,1066.4285714285713,477,9,8.142857142857142
Venezuela,,2020-11-19,6.4238,-66.5897,2020-09-13,60540,910,1035.857142857143,485,8,8.142857142857142
Venezuela,,2020-11-19,6.4238,-66.5897,2020-09-14,61569,1029,1031.2857142857142,494,9,8.285714285714286
Venezuela,,2020-11-19,6.4238,-66.5897,2020-09-15,62655,1086,1013.1428571428571,502,8,8.285714285714286
Venezuela,,2020-11-19,6.4238,-66.5897,2020-09-16,63416,761,952.1428571428571,511,9,8.428571428571429
Venezuela,,2020-11-19,6.4238,-66.5897,2020-09-17,64284,868,923.0,520,9,8.571428571428571
Venezuela,,2020-11-19,6.4238,-66.5897,2020-09-18,65174,890,930.1428571428571,530,10,8.857142857142858
Venezuela,,2020-11-19,6.4238,-66.5897,2020-09-19,65949,775,902.7142857142857,539,9,8.857142857142858
Venezuela,,2020-11-19,6.4238,-66.5897,2020-09-20,66656,707,873.7142857142857,547,8,8.857142857142858
Venezuela,,2020-11-19,6.4238,-66.5897,2020-09-21,67443,787,839.1428571428571,555,8,8.714285714285714
Venezuela,,2020-11-19,6.4238,-66.5897,2020-09-22,68453,1010,828.2857142857143,564,9,8.857142857142858
Venezuela,,2020-11-19,6.4238,-66.5897,2020-09-23,69439,986,860.4285714285714,574,10,9.0
Venezuela,,2020-11-19,6.4238,-66.5897,2020-09-24,70406,967,874.5714285714286,581,7,8.714285714285714
Venezuela,,2020-11-19,6.4238,-66.5897,2020-09-25,71273,867,871.2857142857143,591,10,8.714285714285714
Venezuela,,2020-11-19,6.4238,-66.5897,2020-09-26,71940,667,855.8571428571429,600,9,8.714285714285714
Venezuela,,2020-11-19,6.4238,-66.5897,2020-09-27,72691,751,862.1428571428571,606,6,8.428571428571429
Venezuela,,2020-11-19,6.4238,-66.5897,2020-09-28,73528,837,869.2857142857143,614,8,8.428571428571429
Venezuela,,2020-11-19,6.4238,-66.5897,2020-09-29,74363,835,844.2857142857143,621,7,8.142857142857142
Venezuela,,2020-11-19,6.4238,-66.5897,2020-09-30,75122,759,811.8571428571429,628,7,7.714285714285714
Venezuela,,2020-11-19,6.4238,-66.5897,2020-10-01,76029,907,803.2857142857143,635,7,7.714285714285714
Venezuela,,2020-11-19,6.4238,-66.5897,2020-10-02,76820,791,792.4285714285714,643,8,7.428571428571429
Venezuela,,2020-11-19,6.4238,-66.5897,2020-10-03,77646,826,815.1428571428571,649,6,7.0
Venezuela,,2020-11-19,6.4238,-66.5897,2020-10-04,78434,788,820.4285714285714,653,4,6.714285714285714
Venezuela,,2020-11-19,6.4238,-66.5897,2020-10-05,79117,683,798.4285714285714,658,5,6.285714285714286
Venezuela,,2020-11-19,6.4238,-66.5897,2020-10-06,79796,679,776.1428571428571,665,7,6.285714285714286
Venezuela,,2020-11-19,6.4238,-66.5897,2020-10-07,80404,608,754.5714285714286,671,6,6.142857142857143
Venezuela,,2020-11-19,6.4238,-66.5897,2020-10-08,81019,615,712.8571428571429,678,7,6.142857142857143
Venezuela,,2020-11-19,6.4238,-66.5897,2020-10-09,81696,677,696.5714285714286,684,6,5.857142857142857
Venezuela,,2020-11-19,6.4238,-66.5897,2020-10-10,82453,757,686.7142857142857,691,7,6.0
Venezuela,,2020-11-19,6.4238,-66.5897,2020-10-11,83137,684,671.8571428571429,697,6,6.285714285714286
Venezuela,,2020-11-19,6.4238,-66.5897,2020-10-12,83756,619,662.7142857142857,704,7,6.571428571428571
Venezuela,,2020-11-19,6.4238,-66.5897,2020-10-13,84391,635,656.4285714285714,710,6,6.428571428571429
Venezuela,,2020-11-19,6.4238,-66.5897,2020-10-14,85005,614,657.2857142857143,714,4,6.142857142857143
Venezuela,,2020-11-19,6.4238,-66.5897,2020-10-15,85469,464,635.7142857142857,720,6,6.0
Venezuela,,2020-11-19,6.4238,-66.5897,2020-10-16,85758,289,580.2857142857143,725,5,5.857142857142857
Venezuela,,2020-11-19,6.4238,-66.5897,2020-10-17,86289,531,548.0,731,6,5.714285714285714
Venezuela,,2020-11-19,6.4238,-66.5897,2020-10-18,86636,347,499.85714285714283,736,5,5.571428571428571
Venezuela,,2020-11-19,6.4238,-66.5897,2020-10-19,86636,0,411.42857142857144,736,0,4.571428571428571
Venezuela,,2020-11-19,6.4238,-66.5897,2020-10-20,87644,1008,464.7142857142857,747,11,5.285714285714286
Venezuela,,2020-11-19,6.4238,-66.5897,2020-10-21,88035,391,432.85714285714283,753,6,5.571428571428571
Venezuela,,2020-11-19,6.4238,-66.5897,2020-10-22,88416,381,421.0,759,6,5.571428571428571
Venezuela,,2020-11-19,6.4238,-66.5897,2020-10-23,88718,302,422.85714285714283,764,5,5.571428571428571
Venezuela,,2020-11-19,6.4238,-66.5897,2020-10-24,89142,424,407.57142857142856,770,6,5.571428571428571
Venezuela,,2020-11-19,6.4238,-66.5897,2020-10-25,89565,423,418.42857142857144,773,3,5.285714285714286
Venezuela,,2020-11-19,6.4238,-66.5897,2020-10-26,90047,482,487.2857142857143,777,4,5.857142857142857
Venezuela,,2020-11-19,6.4238,-66.5897,2020-10-27,90400,353,393.7142857142857,780,3,4.714285714285714
Venezuela,,2020-11-19,6.4238,-66.5897,2020-10-28,90876,476,405.85714285714283,784,4,4.428571428571429
Venezuela,,2020-11-19,6.4238,-66.5897,2020-10-29,91280,404,409.14285714285717,789,5,4.285714285714286
Venezuela,,2020-11-19,6.4238,-66.5897,2020-10-30,91589,309,410.14285714285717,793,4,4.142857142857143
Venezuela,,2020-11-19,6.4238,-66.5897,2020-10-31,92013,424,410.14285714285717,798,5,4.0
Venezuela,,2020-11-19,6.4238,-66.5897,2020-11-01,92325,312,394.2857142857143,801,3,4.0
Venezuela,,2020-11-19,6.4238,-66.5897,2020-11-02,92705,380,379.7142857142857,806,5,4.142857142857143
Venezuela,,2020-11-19,6.4238,-66.5897,2020-11-03,93100,395,385.7142857142857,810,4,4.285714285714286
Venezuela,,2020-11-19,6.4238,-66.5897,2020-11-04,93480,380,372.0,814,4,4.285714285714286
Venezuela,,2020-11-19,6.4238,-66.5897,2020-11-05,93921,441,377.2857142857143,819,5,4.285714285714286
Venezuela,,2020-11-19,6.4238,-66.5897,2020-11-06,94305,384,388.0,821,2,4.0
Venezuela,,2020-11-19,6.4238,-66.5897,2020-11-07,94698,393,383.57142857142856,824,3,3.7142857142857144
Venezuela,,2020-11-19,6.4238,-66.5897,2020-11-08,94883,185,365.42857142857144,826,2,3.5714285714285716
Venezuela,,2020-11-19,6.4238,-66.5897,2020-11-09,95149,266,349.14285714285717,830,4,3.4285714285714284
Venezuela,,2020-11-19,6.4238,-66.5897,2020-11-10,95445,296,335.0,834,4,3.4285714285714284
Venezuela,,2020-11-19,6.4238,-66.5897,2020-11-11,95750,305,324.2857142857143,838,4,3.4285714285714284
Venezuela,,2020-11-19,6.4238,-66.5897,2020-11-12,96140,390,317.0,841,3,3.142857142857143
Venezuela,,2020-11-19,6.4238,-66.5897,2020-11-13,96441,301,305.14285714285717,844,3,3.2857142857142856
Venezuela,,2020-11-19,6.4238,-66.5897,2020-11-14,96933,492,319.2857142857143,848,4,3.4285714285714284
Venezuela,,2020-11-19,6.4238,-66.5897,2020-11-15,97352,419,352.7142857142857,851,3,3.5714285714285716
Venezuela,,2020-11-19,6.4238,-66.5897,2020-11-16,97739,387,370.0,855,4,3.5714285714285716
Venezuela,,2020-11-19,6.4238,-66.5897,2020-11-17,98050,311,372.14285714285717,858,3,3.4285714285714284
Venezuela,,2020-11-19,6.4238,-66.5897,2020-11-18,98350,300,371.42857142857144,860,2,3.142857142857143
Venezuela,,2020-11-19,6.4238,-66.5897,2020-11-19,98665,315,360.7142857142857,863,3,3.142857142857143
